book_id;client_id;room_id;book_date;price;minimum_nights;maximum_nights
50904;9241347;50904;14.09.2022;365;2;11
116134;3615317;116134;15.09.2022;59;7;19
218916;7281134;218916;16.09.2022;349;5;59
224333;2916895;224333;17.09.2022;485;7;11
224682;2684934;224682;18.09.2022;253;5;30
345959;5603391;345959;19.09.2022;494;6;64
363155;4541721;363155;20.09.2022;187;8;50
366252;9074779;366252;21.09.2022;557;2;65
522693;7598063;522693;22.09.2022;517;4;38
603545;4747113;603545;23.09.2022;419;5;17
636664;4521796;636664;24.09.2022;312;4;58
639013;6811028;639013;25.09.2022;315;2;15
772842;5827814;772842;26.09.2022;494;2;13
778043;7113757;778043;27.09.2022;232;5;37
789555;8281706;789555;28.09.2022;148;6;55
791792;9097126;791792;29.09.2022;242;3;17
813969;7781434;813969;30.09.2022;97;7;50
891884;4886672;891884;01.10.2022;504;6;59
891907;9178942;891907;02.10.2022;526;1;58
959200;5386217;959200;03.10.2022;534;4;41
961296;3374671;961296;04.10.2022;44;8;53
991824;7036030;991824;05.10.2022;253;2;49
1050693;9394080;1050693;06.10.2022;335;4;8
1105318;8809096;1105318;07.10.2022;257;2;36
1172376;9015048;1172376;08.10.2022;459;7;7
1172507;6322614;1172507;09.10.2022;272;3;30
1172826;3361540;1172826;10.10.2022;424;2;48
1184623;7218969;1184623;11.10.2022;358;2;12
1227242;3581096;1227242;12.10.2022;103;4;41
1328770;7845294;1328770;13.10.2022;368;2;19
1577011;8706542;1577011;14.10.2022;35;2;12
1808782;9075895;1808782;15.10.2022;158;4;43
1897272;7416409;1897272;16.10.2022;277;6;12
2051988;2896223;2051988;17.10.2022;130;5;47
2086302;4385364;2086302;18.10.2022;259;6;59
2133274;5587525;2133274;19.10.2022;127;7;58
2230592;3498519;2230592;20.10.2022;440;6;32
2282418;3152082;2282418;21.10.2022;322;2;35
2347414;4842970;2347414;22.10.2022;392;1;9
2448815;6213672;2448815;23.10.2022;322;1;18
2543695;7221170;2543695;24.10.2022;331;4;58
2602613;8080075;2602613;25.10.2022;227;3;9
2609419;8000953;2609419;26.10.2022;397;1;13
2659281;5290767;2659281;27.10.2022;389;1;34
2664034;7443819;2664034;28.10.2022;210;8;24
2682144;9185077;2682144;29.10.2022;122;2;49
2682808;5986316;2682808;30.10.2022;155;3;18
2819412;4817242;2819412;31.10.2022;328;8;61
3025379;8948110;3025379;01.11.2022;485;3;59
3197919;8295597;3197919;02.11.2022;385;2;39
3203133;4959725;3203133;03.11.2022;411;7;64
3426775;6343672;3426775;04.11.2022;435;2;32
3518676;4155134;3518676;05.11.2022;502;1;24
3857702;5591323;3857702;06.11.2022;182;3;54
4017995;4081010;4017995;07.11.2022;102;4;36
4032738;6716909;4032738;08.11.2022;89;4;7
4064854;8726916;4064854;09.11.2022;48;1;13
4178600;9417523;4178600;10.11.2022;461;2;14
4265913;4973006;4265913;11.11.2022;488;3;17
4322521;4517633;4322521;12.11.2022;317;7;7
4332020;8416541;4332020;13.11.2022;342;2;36
4425751;3974520;4425751;14.11.2022;131;8;27
4502646;9263605;4502646;15.11.2022;394;6;52
4605928;6674795;4605928;16.11.2022;190;6;64
4733497;4150245;4733497;17.11.2022;275;6;51
4748466;8673987;4748466;18.11.2022;406;7;57
4980368;2606358;4980368;19.11.2022;57;8;42
4985922;5482442;4985922;20.11.2022;231;5;62
5020599;5883593;5020599;21.11.2022;200;4;16
5026455;8590202;5026455;22.11.2022;73;5;23
5047962;2393617;5047962;23.11.2022;252;2;41
5074616;2865119;5074616;24.11.2022;139;4;33
5096851;7120437;5096851;25.11.2022;368;5;32
5233718;4775135;5233718;26.11.2022;540;1;17
5379855;3766714;5379855;27.11.2022;185;7;46
5417459;8948979;5417459;28.11.2022;443;3;40
5574536;4786677;5574536;29.11.2022;128;5;22
5575185;4717709;5575185;30.11.2022;452;8;37
5578067;4936092;5578067;01.12.2022;367;7;42
5646286;3031714;5646286;02.12.2022;358;8;50
5702020;9458276;5702020;03.12.2022;276;2;31
5741728;8899419;5741728;04.12.2022;254;5;43
5754564;4923988;5754564;05.12.2022;245;7;58
5789730;6080536;5789730;06.12.2022;544;6;35
5940310;7380722;5940310;07.12.2022;294;6;27
5994895;5962368;5994895;08.12.2022;364;2;11
6000928;8277973;6000928;09.12.2022;508;6;54
6004053;9068699;6004053;10.12.2022;171;8;51
6046872;4752236;6046872;11.12.2022;320;1;7
6051973;4406797;6051973;12.12.2022;149;3;53
6139374;7146332;6139374;13.12.2022;292;5;49
6149034;5609591;6149034;14.12.2022;233;7;64
6150016;8280049;6150016;15.12.2022;288;2;11
6183201;6711838;6183201;16.12.2022;485;7;61
6271039;7943994;6271039;17.12.2022;62;6;20
6418099;7215733;6418099;18.12.2022;326;7;46
6463582;8107408;6463582;19.12.2022;316;3;45
6545997;9077343;6545997;20.12.2022;208;4;26
6584668;3652246;6584668;21.12.2022;109;3;28
6585827;7534579;6585827;22.12.2022;92;7;50
6659457;6667650;6659457;23.12.2022;130;1;49
6672914;6112411;6672914;24.12.2022;69;2;28
6700898;4344119;6700898;25.12.2022;400;6;7
6833081;8423024;6833081;26.12.2022;216;4;20
6984717;3944481;6984717;27.12.2022;469;5;62
7027563;3882510;7027563;28.12.2022;547;3;58
7067067;3613856;7067067;29.12.2022;436;6;25
7262234;3591021;7262234;30.12.2022;450;3;54
7298474;5371621;7298474;31.12.2022;446;1;14
7365174;2797149;7365174;01.01.2023;217;2;10
7395215;4083755;7395215;02.01.2023;525;6;36
7552929;7733895;7552929;03.01.2023;38;6;9
7614218;8901899;7614218;04.01.2023;337;4;16
7724259;5516527;7724259;05.01.2023;396;6;43
7759657;2926105;7759657;06.01.2023;481;2;47
7814882;4948027;7814882;07.01.2023;369;1;58
7892353;5557629;7892353;08.01.2023;348;2;37
8038470;3203728;8038470;09.01.2023;492;5;50
8084313;5206963;8084313;10.01.2023;549;8;32
8094749;9193288;8094749;11.01.2023;405;1;19
8104534;6342292;8104534;12.01.2023;267;5;57
8158582;5153675;8158582;13.01.2023;175;1;60
8179789;3481963;8179789;14.01.2023;400;8;26
8231896;8521656;8231896;15.01.2023;279;5;13
8256105;7244808;8256105;16.01.2023;236;3;8
8366368;5404543;8366368;17.01.2023;103;3;20
8469104;3397879;8469104;18.01.2023;538;8;47
8473696;6814679;8473696;19.01.2023;411;6;17
8491381;4718806;8491381;20.01.2023;33;1;21
8514381;5249604;8514381;21.01.2023;253;6;57
8522139;3420523;8522139;22.01.2023;440;1;40
8599666;5100710;8599666;23.01.2023;429;6;22
8725792;8289698;8725792;24.01.2023;314;2;7
8751883;9464660;8751883;25.01.2023;424;2;14
8766126;9034476;8766126;26.01.2023;111;6;30
8772155;3103075;8772155;27.01.2023;364;5;61
8853612;6271383;8853612;28.01.2023;76;1;46
8877884;7327949;8877884;29.01.2023;25;3;22
8959933;8027079;8959933;30.01.2023;462;5;50
8965535;7113499;8965535;31.01.2023;362;4;25
8979470;6505221;8979470;01.02.2023;396;7;58
9063100;8053722;9063100;02.02.2023;326;8;36
9126033;4009793;9126033;03.02.2023;138;1;59
9143174;7452205;9143174;04.02.2023;98;3;38
9403972;6458466;9403972;05.02.2023;330;6;24
9444009;4041700;9444009;06.02.2023;245;1;62
9444419;6779612;9444419;07.02.2023;118;2;45
9487949;3730861;9487949;08.02.2023;393;8;61
9582616;5174955;9582616;09.02.2023;186;4;9
9809688;3155739;9809688;10.02.2023;556;2;23
9854143;4730724;9854143;11.02.2023;244;2;45
9911612;3243971;9911612;12.02.2023;206;4;51
9913124;8690302;9913124;13.02.2023;145;3;15
10015096;6343929;10015096;14.02.2023;481;7;7
10050755;5878845;10050755;15.02.2023;420;7;51
10170353;6140718;10170353;16.02.2023;27;2;54
10196951;2528497;10196951;17.02.2023;238;3;61
10220506;6434472;10220506;18.02.2023;129;5;10
10286773;8662371;10286773;19.02.2023;118;2;39
10411697;8623214;10411697;20.02.2023;209;1;14
10582792;8656951;10582792;21.02.2023;109;1;17
10604260;3271299;10604260;22.02.2023;105;6;33
10693965;5401346;10693965;23.02.2023;480;3;60
10743570;3036757;10743570;24.02.2023;71;2;36
10845191;8251408;10845191;25.02.2023;212;8;40
10865022;6010887;10865022;26.02.2023;262;7;22
11004345;8309709;11004345;27.02.2023;494;7;43
11007796;3899739;11007796;28.02.2023;510;3;49
11054114;4358977;11054114;01.03.2023;70;6;41
11054989;5452917;11054989;02.03.2023;435;1;20
11055119;6304391;11055119;03.03.2023;298;5;24
11111703;3630087;11111703;04.03.2023;362;6;63
11205171;4499356;11205171;05.03.2023;361;8;23
11209398;6833360;11209398;06.03.2023;224;5;36
11234792;3924648;11234792;07.03.2023;399;4;59
11288058;6084675;11288058;08.03.2023;111;5;57
11299305;8636902;11299305;09.03.2023;85;6;31
11361302;6434617;11361302;10.03.2023;88;6;39
11386961;3937670;11386961;11.03.2023;110;8;42
11649861;5403521;11649861;12.03.2023;322;8;43
11664307;3672176;11664307;13.03.2023;392;2;9
11687167;6370255;11687167;14.03.2023;44;8;51
11702316;8121917;11702316;15.03.2023;218;2;57
11878238;8080561;11878238;16.03.2023;320;1;9
11898838;5934853;11898838;17.03.2023;286;7;51
12100076;5860160;12100076;18.03.2023;104;4;26
12215914;7297091;12215914;19.03.2023;137;5;24
12238423;6960346;12238423;20.03.2023;60;1;26
12247552;5803637;12247552;21.03.2023;538;3;21
12312880;7140629;12312880;22.03.2023;551;4;26
12340028;8996568;12340028;23.03.2023;168;7;19
12425295;8846925;12425295;24.03.2023;113;7;22
12443915;5907084;12443915;25.03.2023;559;3;60
12452412;6575789;12452412;26.03.2023;515;8;35
12509158;8121759;12509158;27.03.2023;287;7;12
12576409;8543498;12576409;28.03.2023;79;7;20
12637515;8740824;12637515;29.03.2023;26;4;46
12646547;9148428;12646547;30.03.2023;110;4;31
12659772;4070916;12659772;31.03.2023;60;1;14
12734670;5803854;12734670;01.04.2023;140;1;42
12734817;6514113;12734817;02.04.2023;469;5;36
12746696;6364766;12746696;03.04.2023;560;8;21
12749687;7759532;12749687;04.04.2023;29;7;50
12752072;4014722;12752072;05.04.2023;90;6;51
12775598;8100434;12775598;06.04.2023;211;1;45
12862721;3142636;12862721;07.04.2023;112;4;59
12864070;4235451;12864070;08.04.2023;492;4;43
12959452;3962056;12959452;09.04.2023;38;2;53
13027951;9377295;13027951;10.04.2023;327;8;51
13147334;2957759;13147334;11.04.2023;382;8;25
13149637;7692418;13149637;12.04.2023;222;6;47
13189346;3260465;13189346;13.04.2023;306;4;57
13249852;4376082;13249852;14.04.2023;306;3;59
13263169;3499056;13263169;15.04.2023;190;4;58
13306153;3623259;13306153;16.04.2023;131;1;45
13350400;4119371;13350400;17.04.2023;529;4;56
13372879;9106144;13372879;18.04.2023;413;5;20
13426813;2554315;13426813;19.04.2023;284;8;9
13427359;9373822;13427359;20.04.2023;42;3;25
13601093;8773186;13601093;21.04.2023;339;6;44
13640722;4462666;13640722;22.04.2023;401;2;36
13670107;4671553;13670107;23.04.2023;399;8;9
13722848;8234698;13722848;24.04.2023;100;6;34
13799108;8550671;13799108;25.04.2023;420;8;28
14060986;2551164;14060986;26.04.2023;192;2;15
14084973;4286678;14084973;27.04.2023;424;2;28
14327385;3164626;14327385;28.04.2023;176;3;22
14436448;9384792;14436448;29.04.2023;299;1;24
14527835;7357429;14527835;30.04.2023;309;4;61
14649863;3821319;14649863;01.05.2023;220;1;27
14798944;2446779;14798944;02.05.2023;528;7;28
14813245;8644908;14813245;03.05.2023;331;8;19
14855524;4416858;14855524;04.05.2023;487;8;13
14897210;3841159;14897210;05.05.2023;64;8;24
14905174;3552934;14905174;06.05.2023;410;7;60
14975438;4482607;14975438;07.05.2023;296;3;7
15217689;3186278;15217689;08.05.2023;69;3;55
15270962;6474068;15270962;09.05.2023;36;1;22
15291805;4962880;15291805;10.05.2023;161;3;8
15371998;4887569;15371998;11.05.2023;138;8;56
15402549;4226650;15402549;12.05.2023;546;1;16
15464986;5086727;15464986;13.05.2023;131;6;46
15467146;3277568;15467146;14.05.2023;264;1;8
15519371;7467212;15519371;15.05.2023;513;2;15
15650986;8115630;15650986;16.05.2023;277;2;42
15657753;8645174;15657753;17.05.2023;64;7;43
15715672;3317985;15715672;18.05.2023;160;8;47
15738162;3418599;15738162;19.05.2023;516;2;38
15763164;9151820;15763164;20.05.2023;264;4;13
15768383;5449720;15768383;21.05.2023;494;7;60
15779315;5060635;15779315;22.05.2023;152;4;15
15784571;2648475;15784571;23.05.2023;59;2;12
15794519;6697718;15794519;24.05.2023;52;5;50
15853340;8925917;15853340;25.05.2023;135;8;59
15878210;9145567;15878210;26.05.2023;533;5;16
15929001;5612247;15929001;27.05.2023;297;4;9
15949936;6629427;15949936;28.05.2023;128;4;26
15952890;3622887;15952890;29.05.2023;36;2;38
16036168;2927153;16036168;30.05.2023;294;4;49
16040670;8427019;16040670;31.05.2023;279;8;53
16107337;3349580;16107337;01.06.2023;30;2;62
16225766;4576469;16225766;02.06.2023;253;3;14
16238598;5049458;16238598;03.06.2023;508;6;8
16271484;8962803;16271484;04.06.2023;148;4;24
16291478;8291912;16291478;05.06.2023;183;3;24
16317142;4086205;16317142;06.06.2023;249;4;7
16424246;8399067;16424246;07.06.2023;25;7;63
16546399;3191756;16546399;08.06.2023;283;7;9
16610326;3098675;16610326;09.06.2023;198;8;10
16612557;4916637;16612557;10.06.2023;382;8;14
16630701;7282762;16630701;11.06.2023;454;3;63
16700193;8646013;16700193;12.06.2023;374;6;60
16723796;4252749;16723796;13.06.2023;427;3;16
16792858;8062280;16792858;14.06.2023;349;8;54
16818256;2559468;16818256;15.06.2023;521;5;16
16833815;2853099;16833815;16.06.2023;483;5;15
16851403;4259634;16851403;17.06.2023;206;3;33
16891439;5732829;16891439;18.06.2023;418;2;49
16978843;2998145;16978843;19.06.2023;493;5;28
17004023;8505476;17004023;20.06.2023;28;1;14
17010097;8223164;17010097;21.06.2023;398;1;41
17010887;9156384;17010887;22.06.2023;268;2;39
17096268;8249268;17096268;23.06.2023;544;1;25
17115288;4984653;17115288;24.06.2023;286;7;33
17266710;5685791;17266710;25.06.2023;83;4;31
17522166;8606568;17522166;26.06.2023;460;6;33
17756295;5937872;17756295;27.06.2023;131;1;43
17837297;5054130;17837297;28.06.2023;498;5;9
17911859;2955235;17911859;29.06.2023;384;6;54
17913667;4552188;17913667;30.06.2023;218;6;33
18010399;6623508;18010399;01.07.2023;268;2;8
18186103;8918221;18186103;02.07.2023;222;5;15
18322026;8678040;18322026;03.07.2023;470;1;65
18322358;2618385;18322358;04.07.2023;106;6;53
18351730;7894179;18351730;05.07.2023;135;1;58
18475342;3237347;18475342;06.07.2023;364;3;11
18507108;4137169;18507108;07.07.2023;60;1;62
18565578;7831978;18565578;08.07.2023;107;5;44
18711244;8624524;18711244;09.07.2023;438;4;42
18823301;9123509;18823301;10.07.2023;340;3;48
18848541;5599905;18848541;11.07.2023;329;6;25
18849323;8956885;18849323;12.07.2023;268;7;35
18913507;8203838;18913507;13.07.2023;478;1;34
18931281;8084880;18931281;14.07.2023;293;1;13
19013331;7536489;19013331;15.07.2023;203;8;30
19028126;4228186;19028126;16.07.2023;122;2;32
19043207;5174647;19043207;17.07.2023;177;4;12
19062948;8288665;19062948;18.07.2023;302;8;52
19081019;4280804;19081019;19.07.2023;461;1;18
19091628;8354520;19091628;20.07.2023;91;8;49
19110897;8967429;19110897;21.07.2023;403;4;55
19139826;4737911;19139826;22.07.2023;506;3;24
19139841;2885987;19139841;23.07.2023;283;3;51
19159122;2841979;19159122;24.07.2023;202;3;22
19232324;5176972;19232324;25.07.2023;351;2;35
19270436;9164978;19270436;26.07.2023;110;7;31
19311378;6711311;19311378;27.07.2023;333;4;47
19311990;5021112;19311990;28.07.2023;50;1;62
19341633;4440434;19341633;29.07.2023;397;1;36
19380026;7305037;19380026;30.07.2023;243;8;21
19398818;8092140;19398818;31.07.2023;236;6;37
19565336;8457343;19565336;01.08.2023;182;2;54
19597739;3598811;19597739;02.08.2023;272;7;41
19615621;6547938;19615621;03.08.2023;396;3;34
19618674;7498903;19618674;04.08.2023;423;1;54
19657683;7008961;19657683;05.08.2023;425;5;13
19665216;7986682;19665216;06.08.2023;316;8;31
19733115;7101855;19733115;07.08.2023;216;1;30
19798020;2814628;19798020;08.08.2023;255;8;48
19815144;8862486;19815144;09.08.2023;271;6;52
19861514;8608761;19861514;10.08.2023;361;2;45
19929145;3913527;19929145;11.08.2023;133;1;55
19989893;5906646;19989893;12.08.2023;223;3;39
19997718;5779949;19997718;13.08.2023;221;2;25
20048639;4402613;20048639;14.08.2023;80;7;51
20087301;5131598;20087301;15.08.2023;71;5;31
20131004;8641512;20131004;16.08.2023;361;6;37
20168816;3043327;20168816;17.08.2023;454;7;22
20180851;3574308;20180851;18.08.2023;372;4;19
20237057;7980022;20237057;19.08.2023;126;3;32
20263685;4531809;20263685;20.08.2023;69;5;18
20317514;4775204;20317514;21.08.2023;140;7;13
20318096;8154144;20318096;22.08.2023;374;4;34
20406122;5283352;20406122;23.08.2023;397;1;45
20676903;5949278;20676903;24.08.2023;403;7;12
20772851;7817289;20772851;25.08.2023;465;4;57
20781256;6686204;20781256;26.08.2023;439;4;36
20825768;9333849;20825768;27.08.2023;275;4;39
20942852;5120351;20942852;28.08.2023;371;2;38
20957741;2604320;20957741;29.08.2023;528;1;26
20987211;5641581;20987211;30.08.2023;44;8;12
20994541;6078936;20994541;31.08.2023;355;6;61
21004429;8652734;21004429;01.09.2023;284;7;57
21102559;6528261;21102559;02.09.2023;289;2;37
21168610;8338968;21168610;03.09.2023;364;1;14
21381205;6598378;21381205;04.09.2023;99;6;63
21464203;9009953;21464203;05.09.2023;424;4;61
21638219;8780424;21638219;06.09.2023;311;3;20
21658316;2976392;21658316;07.09.2023;165;6;21
21718764;3819611;21718764;08.09.2023;160;6;27
21750298;6397097;21750298;09.09.2023;487;3;52
21861265;6115074;21861265;10.09.2023;109;1;17
21933479;8935221;21933479;11.09.2023;48;4;20
21942782;6921809;21942782;12.09.2023;408;8;17
21994745;7844971;21994745;13.09.2023;472;2;48
22023486;7276039;22023486;14.09.2022;474;5;19
22097777;8853518;22097777;15.09.2022;485;2;53
22102755;5379004;22102755;16.09.2022;282;8;63
22134240;8635891;22134240;17.09.2022;184;2;20
22169539;3463789;22169539;18.09.2022;184;8;36
22181904;4064408;22181904;19.09.2022;553;5;40
22191315;2570659;22191315;20.09.2022;114;5;58
22235229;3124738;22235229;21.09.2022;26;7;20
22284431;3248699;22284431;22.09.2022;106;2;57
22372045;4559918;22372045;23.09.2022;401;5;18
22585207;8232627;22585207;24.09.2022;444;1;8
22613237;5410375;22613237;25.09.2022;347;5;8
22651108;6749246;22651108;26.09.2022;548;5;21
22668676;8843278;22668676;27.09.2022;75;6;57
22703318;7741001;22703318;28.09.2022;202;6;9
22708143;3975851;22708143;29.09.2022;367;6;45
22742449;4479938;22742449;30.09.2022;439;7;11
22749049;5267637;22749049;01.10.2022;182;8;55
22760259;4818724;22760259;02.10.2022;472;2;59
22805099;5530013;22805099;03.10.2022;150;4;10
22924510;3247412;22924510;04.10.2022;306;5;35
22962721;3110974;22962721;05.10.2022;387;4;14
22964399;3574864;22964399;06.10.2022;474;2;36
22993422;5265929;22993422;07.10.2022;559;1;18
23001137;2898167;23001137;08.10.2022;61;7;61
23033176;4247379;23033176;09.10.2022;193;3;11
23049794;5249832;23049794;10.10.2022;30;8;34
23141079;2828892;23141079;11.10.2022;274;3;26
23162754;8137704;23162754;12.10.2022;225;1;44
23364073;7251970;23364073;13.10.2022;108;6;20
23372858;7387781;23372858;14.10.2022;154;4;26
23385815;7937606;23385815;15.10.2022;303;6;62
23386612;5909094;23386612;16.10.2022;425;8;49
23392537;9435945;23392537;17.10.2022;184;2;35
23392809;4213185;23392809;18.10.2022;451;5;56
23395109;8830397;23395109;19.10.2022;427;1;44
23444238;3745664;23444238;20.10.2022;454;8;47
23524053;6684815;23524053;21.10.2022;95;5;14
23755415;7362654;23755415;22.10.2022;123;3;53
23786630;3235201;23786630;23.10.2022;33;4;37
24061317;8843005;24061317;24.10.2022;82;4;45
24061523;6215353;24061523;25.10.2022;255;5;56
24170223;8502937;24170223;26.10.2022;209;7;32
24340681;3448039;24340681;27.10.2022;46;4;29
24419851;4996428;24419851;28.10.2022;58;5;60
24486262;5476486;24486262;29.10.2022;239;7;23
24518063;2722928;24518063;30.10.2022;136;8;47
24596945;4478819;24596945;31.10.2022;122;2;52
24669581;6139135;24669581;01.11.2022;68;4;17
24670984;8776070;24670984;02.11.2022;33;2;37
24740629;8823787;24740629;03.11.2022;506;2;50
24829527;6459360;24829527;04.11.2022;242;1;27
24900105;4208939;24900105;05.11.2022;51;5;30
25023469;7607456;25023469;06.11.2022;75;3;49
25068907;7227361;25068907;07.11.2022;293;5;10
25071158;2532899;25071158;08.11.2022;266;6;7
25148862;3642902;25148862;09.11.2022;151;8;23
25150029;2719124;25150029;10.11.2022;491;5;52
25152004;8848471;25152004;11.11.2022;370;3;32
25201647;8201835;25201647;12.11.2022;339;3;49
25242718;8988092;25242718;13.11.2022;81;1;50
25493896;5405268;25493896;14.11.2022;474;4;33
25507520;3597202;25507520;15.11.2022;377;2;62
25515794;4065715;25515794;16.11.2022;407;2;55
25532901;7473438;25532901;17.11.2022;314;5;60
25610607;4533220;25610607;18.11.2022;245;1;30
25854261;4519971;25854261;19.11.2022;209;6;63
25960097;3351762;25960097;20.11.2022;58;2;11
25973713;7450747;25973713;21.11.2022;172;2;40
26023466;6799961;26023466;22.11.2022;215;6;59
26112457;5048305;26112457;23.11.2022;520;7;50
26163757;6865079;26163757;24.11.2022;118;2;64
26175436;7995429;26175436;25.11.2022;142;3;53
26181108;9303564;26181108;26.11.2022;523;3;40
26193437;3845189;26193437;27.11.2022;387;5;51
26298543;6259515;26298543;28.11.2022;225;6;22
26317331;2998313;26317331;29.11.2022;307;2;16
26330337;4073859;26330337;30.11.2022;332;7;65
26342549;8331287;26342549;01.12.2022;205;8;16
26347234;3047965;26347234;02.12.2022;78;7;34
26351917;4520482;26351917;03.12.2022;405;2;8
26457685;6761865;26457685;04.12.2022;164;4;10
26464842;6544073;26464842;05.12.2022;381;5;23
26477493;7002183;26477493;06.12.2022;558;3;36
26578804;8663525;26578804;07.12.2022;362;7;25
26592318;3213035;26592318;08.12.2022;42;4;27
26668817;9278971;26668817;09.12.2022;463;5;42
26672728;9213442;26672728;10.12.2022;211;4;19
26764297;8960754;26764297;11.12.2022;444;2;9
26772734;8886682;26772734;12.12.2022;326;8;22
26774974;5097282;26774974;13.12.2022;33;1;43
26802748;7828442;26802748;14.12.2022;103;4;28
26883983;3036715;26883983;15.12.2022;197;1;26
26937582;3208012;26937582;16.12.2022;299;6;49
26954216;3539256;26954216;17.12.2022;493;4;20
26991935;3225127;26991935;18.12.2022;366;8;27
27053117;5984508;27053117;19.12.2022;541;2;53
27082057;7835953;27082057;20.12.2022;324;4;29
27132678;5465923;27132678;21.12.2022;169;6;63
27150005;5135141;27150005;22.12.2022;34;5;45
27195796;7063775;27195796;23.12.2022;320;3;56
27246421;8746998;27246421;24.12.2022;555;1;61
27288680;8028944;27288680;25.12.2022;513;7;7
27479453;7204371;27479453;26.12.2022;410;8;40
27489768;5468879;27489768;27.12.2022;27;4;57
27490882;3252132;27490882;28.12.2022;498;5;14
27491314;4176374;27491314;29.12.2022;295;4;52
27502272;8353373;27502272;30.12.2022;73;6;63
27521515;5246968;27521515;31.12.2022;477;3;60
27564444;6035924;27564444;01.01.2023;460;4;26
27567210;3812465;27567210;02.01.2023;455;1;39
27588529;8487407;27588529;03.01.2023;207;2;52
27617809;9182547;27617809;04.01.2023;330;2;35
27645909;2405529;27645909;05.01.2023;51;8;34
27654970;6974399;27654970;06.01.2023;276;4;25
27724978;8916393;27724978;07.01.2023;125;5;55
27738708;7823493;27738708;08.01.2023;110;4;18
27742986;3539621;27742986;09.01.2023;541;8;16
27743237;7236994;27743237;10.01.2023;424;7;22
27755042;7077644;27755042;11.01.2023;293;6;43
27777408;8181907;27777408;12.01.2023;89;7;65
27844982;7898480;27844982;13.01.2023;43;8;34
27851653;8140079;27851653;14.01.2023;193;6;17
27870003;4891025;27870003;15.01.2023;175;8;57
27930363;2774932;27930363;16.01.2023;448;8;21
27951988;2871198;27951988;17.01.2023;459;5;14
28062441;4227363;28062441;18.01.2023;105;3;15
28087662;4601973;28087662;19.01.2023;481;7;35
28124882;3574944;28124882;20.01.2023;525;5;16
28214576;2707570;28214576;21.01.2023;175;2;39
28219481;7330783;28219481;22.01.2023;250;6;7
28249176;6088147;28249176;23.01.2023;425;2;56
28330049;2484155;28330049;24.01.2023;422;5;51
28363835;7852199;28363835;25.01.2023;414;6;55
28379011;2967795;28379011;26.01.2023;398;7;51
28401157;9322716;28401157;27.01.2023;404;3;20
28405887;6294206;28405887;28.01.2023;56;2;21
28434123;6526246;28434123;29.01.2023;431;8;15
28561382;6304145;28561382;30.01.2023;127;5;7
28621534;6865166;28621534;31.01.2023;297;5;13
28677510;5647922;28677510;01.02.2023;312;5;17
28693154;4844995;28693154;02.02.2023;517;5;39
28750136;8683068;28750136;03.02.2023;539;3;18
28772811;4090107;28772811;04.02.2023;397;5;61
28778081;8426366;28778081;05.02.2023;337;7;51
28808213;5874530;28808213;06.02.2023;343;3;20
28808356;3227182;28808356;07.02.2023;201;4;14
28839558;5035917;28839558;08.02.2023;539;5;15
28912521;7094118;28912521;09.02.2023;318;3;17
28931007;6433733;28931007;10.02.2023;64;1;64
29023010;3292943;29023010;11.02.2023;561;5;33
29042185;4745751;29042185;12.02.2023;29;4;19
29066101;7506381;29066101;13.02.2023;417;5;25
29227406;7366325;29227406;14.02.2023;561;8;19
29250575;2463081;29250575;15.02.2023;497;7;64
29272282;8274125;29272282;16.02.2023;369;5;19
29301255;8652307;29301255;17.02.2023;140;5;49
29380915;8919742;29380915;18.02.2023;148;4;59
29423576;2638186;29423576;19.02.2023;521;7;30
29454542;8446360;29454542;20.02.2023;342;8;51
29562413;3228238;29562413;21.02.2023;469;1;28
29563117;8040763;29563117;22.02.2023;289;3;16
29565513;7418232;29565513;23.02.2023;215;8;58
29600232;8296272;29600232;24.02.2023;466;4;30
29605455;7036765;29605455;25.02.2023;147;6;52
29683668;3788493;29683668;26.02.2023;280;7;19
29954156;8446340;29954156;27.02.2023;111;2;62
29974854;9435490;29974854;28.02.2023;217;3;20
29975505;4087709;29975505;01.03.2023;300;5;56
29976250;3244593;29976250;02.03.2023;464;5;48
29982984;3433623;29982984;03.03.2023;28;3;26
30088783;5730142;30088783;04.03.2023;262;8;39
30100357;7113086;30100357;05.03.2023;200;5;12
30127354;8796630;30127354;06.03.2023;240;6;42
30219390;4337327;30219390;07.03.2023;60;3;12
30243446;3768374;30243446;08.03.2023;37;5;48
30259301;4894910;30259301;09.03.2023;170;8;9
30260501;4220198;30260501;10.03.2023;424;5;52
30290226;5373641;30290226;11.03.2023;462;2;43
30319385;4755515;30319385;12.03.2023;557;8;33
30391008;7453046;30391008;13.03.2023;286;3;62
30414610;9220552;30414610;14.03.2023;225;2;55
30414744;2895209;30414744;15.03.2023;61;7;16
30451449;6879106;30451449;16.03.2023;28;3;41
30527484;9346756;30527484;17.03.2023;232;1;38
30669652;5656503;30669652;18.03.2023;84;2;8
30688137;6358855;30688137;19.03.2023;333;3;16
30711848;7579450;30711848;20.03.2023;347;8;52
30949150;7667583;30949150;21.03.2023;83;6;24
30957530;9072204;30957530;22.03.2023;420;2;45
30966880;5574406;30966880;23.03.2023;283;1;55
30969571;6190726;30969571;24.03.2023;318;4;55
30975341;4551425;30975341;25.03.2023;428;2;10
30976395;3370468;30976395;26.03.2023;355;1;46
30976426;5071202;30976426;27.03.2023;300;5;53
31015562;7698241;31015562;28.03.2023;275;2;17
31019383;9066196;31019383;29.03.2023;117;5;16
31050843;5433911;31050843;30.03.2023;541;3;52
31064604;7048204;31064604;31.03.2023;213;5;38
31087775;3103851;31087775;01.04.2023;139;3;32
31112513;3262221;31112513;02.04.2023;49;2;30
31130575;5464752;31130575;03.04.2023;447;2;40
31167235;4824845;31167235;04.04.2023;366;1;43
31198633;4170946;31198633;05.04.2023;197;6;39
31200155;4801353;31200155;06.04.2023;398;1;9
31201246;6634618;31201246;07.04.2023;298;6;58
31260795;4104797;31260795;08.04.2023;119;3;58
31277746;7638982;31277746;09.04.2023;355;8;14
31442273;4476203;31442273;10.04.2023;513;3;64
31462463;8070233;31462463;11.04.2023;99;5;63
31463408;6274162;31463408;12.04.2023;258;1;10
31512469;6768755;31512469;13.04.2023;412;3;47
31561396;6676214;31561396;14.04.2023;248;1;26
31681385;7860787;31681385;15.04.2023;543;8;20
31682997;6060221;31682997;16.04.2023;373;4;34
31730627;7947541;31730627;17.04.2023;512;5;21
31847853;6998206;31847853;18.04.2023;193;3;23
31868869;7999598;31868869;19.04.2023;194;5;59
31876188;4021777;31876188;20.04.2023;249;8;53
31899599;7239266;31899599;21.04.2023;236;8;31
31926299;4269875;31926299;22.04.2023;252;1;23
31949372;6681318;31949372;23.04.2023;175;6;60
32009201;5041364;32009201;24.04.2023;504;3;47
32106943;5491033;32106943;25.04.2023;135;5;30
32108140;2893537;32108140;26.04.2023;176;3;19
32166521;4378992;32166521;27.04.2023;428;5;46
32371479;6005387;32371479;28.04.2023;421;5;44
32467666;6718919;32467666;29.04.2023;440;4;36
32468319;7428094;32468319;30.04.2023;462;7;55
32627204;6387036;32627204;01.05.2023;380;7;64
32683116;3631826;32683116;02.05.2023;329;8;9
32693198;3683539;32693198;03.05.2023;414;1;22
32763577;6286568;32763577;04.05.2023;121;7;15
32782208;7367270;32782208;05.05.2023;200;2;27
32784417;6525613;32784417;06.05.2023;200;8;22
32841697;8063541;32841697;07.05.2023;454;4;33
32927683;5338055;32927683;08.05.2023;244;8;15
32971329;5131009;32971329;09.05.2023;440;6;64
32977224;3117078;32977224;10.05.2023;215;4;28
33005678;6918385;33005678;11.05.2023;477;6;34
33005778;5104219;33005778;12.05.2023;174;2;58
33005812;4385097;33005812;13.05.2023;268;2;59
33005836;7263235;33005836;14.05.2023;40;5;60
33005958;4980338;33005958;15.05.2023;352;4;47
33033659;3220393;33033659;16.05.2023;73;8;31
33056645;3441362;33056645;17.05.2023;150;6;21
33059681;4926455;33059681;18.05.2023;130;3;41
33094080;6026584;33094080;19.05.2023;405;6;36
33114490;5662722;33114490;20.05.2023;452;6;14
33192413;5315376;33192413;21.05.2023;65;6;33
33214606;3188093;33214606;22.05.2023;470;3;13
33215432;5827041;33215432;23.05.2023;279;3;30
33215914;3935937;33215914;24.05.2023;501;4;13
33216722;9047773;33216722;25.05.2023;225;6;55
33382181;6903330;33382181;26.05.2023;507;7;10
33410025;5324080;33410025;27.05.2023;348;2;51
33520917;9001002;33520917;28.05.2023;460;4;39
33537491;2399479;33537491;29.05.2023;538;4;14
33569315;7610492;33569315;30.05.2023;128;3;35
33599745;4995427;33599745;31.05.2023;90;6;26
33623623;3650436;33623623;01.06.2023;118;5;44
33685110;8721187;33685110;02.06.2023;546;8;20
33714695;5861557;33714695;03.06.2023;495;4;44
33744341;5765994;33744341;04.06.2023;255;2;31
33800807;7676227;33800807;05.06.2023;195;8;61
33864760;3789310;33864760;06.06.2023;289;6;25
33905456;8730779;33905456;07.06.2023;371;5;45
33958130;4805956;33958130;08.06.2023;215;8;25
34054200;9263274;34054200;09.06.2023;233;1;63
34249814;7631260;34249814;10.06.2023;257;1;28
34264095;3686598;34264095;11.06.2023;212;2;50
34277420;6411789;34277420;12.06.2023;467;8;8
34294000;6640726;34294000;13.06.2023;35;4;31
34309044;7783087;34309044;14.06.2023;58;2;59
34356118;4006338;34356118;15.06.2023;395;3;16
34621717;7248429;34621717;16.06.2023;310;5;10
34649600;4695829;34649600;17.06.2023;137;3;28
34664955;3680298;34664955;18.06.2023;116;8;34
34729342;7247547;34729342;19.06.2023;464;4;54
34769735;4097201;34769735;20.06.2023;554;2;53
34807446;7984842;34807446;21.06.2023;33;2;29
34851379;6284925;34851379;22.06.2023;358;5;55
34879418;2543107;34879418;23.06.2023;102;4;28
34904214;7749242;34904214;24.06.2023;325;1;22
34925546;5637465;34925546;25.06.2023;136;2;38
35037522;5986193;35037522;26.06.2023;192;8;55
35061198;8089928;35061198;27.06.2023;338;1;30
35063134;3471347;35063134;28.06.2023;53;6;33
35063828;8787846;35063828;29.06.2023;188;8;38
35086421;3099081;35086421;30.06.2023;468;7;13
35106543;7058930;35106543;01.07.2023;268;6;50
35121718;5279407;35121718;02.07.2023;245;8;48
35191921;2686354;35191921;03.07.2023;291;1;28
35193106;7466277;35193106;04.07.2023;459;7;65
35206126;5889450;35206126;05.07.2023;504;2;50
35227376;3026798;35227376;06.07.2023;527;6;26
35297542;3049243;35297542;07.07.2023;39;6;54
35303380;6935688;35303380;08.07.2023;100;2;21
35312060;8664422;35312060;09.07.2023;171;2;31
35328212;4099619;35328212;10.07.2023;84;7;41
35361130;5371993;35361130;11.07.2023;160;8;20
35366436;4673358;35366436;12.07.2023;435;5;49
35419492;2502882;35419492;13.07.2023;164;8;48
35441361;4897162;35441361;14.07.2023;126;7;47
35507561;4285576;35507561;15.07.2023;360;3;43
35538073;2389305;35538073;16.07.2023;179;2;56
35569947;6561380;35569947;17.07.2023;90;2;43
35570936;6020669;35570936;18.07.2023;302;7;39
35602722;3978527;35602722;19.07.2023;338;1;18
35633180;2601301;35633180;20.07.2023;74;2;33
35736331;8126499;35736331;21.07.2023;424;8;46
35764620;5820929;35764620;22.07.2023;201;6;40
35779920;2846454;35779920;23.07.2023;467;6;16
35782205;7051213;35782205;24.07.2023;410;1;11
35800771;4723956;35800771;25.07.2023;485;1;60
35924615;6570410;35924615;26.07.2023;326;4;40
35925974;8258873;35925974;27.07.2023;337;6;27
35926127;5132988;35926127;28.07.2023;240;1;57
35967247;7576268;35967247;29.07.2023;298;1;42
35968415;9089053;35968415;30.07.2023;203;3;17
35996665;8667631;35996665;31.07.2023;262;3;45
35997401;2524370;35997401;01.08.2023;261;1;60
36016441;4296574;36016441;02.08.2023;459;1;51
36020300;3869135;36020300;03.08.2023;154;5;30
36029902;3565739;36029902;04.08.2023;251;5;14
36031281;4585963;36031281;05.08.2023;516;2;37
36068325;7285627;36068325;06.08.2023;509;2;22
36086423;3120363;36086423;07.08.2023;171;8;12
36098300;8759107;36098300;08.08.2023;507;2;47
36099404;5295797;36099404;09.08.2023;354;1;47
36099494;4581444;36099494;10.08.2023;524;1;41
36102951;7793905;36102951;11.08.2023;533;1;8
36106533;3708956;36106533;12.08.2023;306;7;10
36161820;2911702;36161820;13.08.2023;159;7;30
36220043;7079171;36220043;14.08.2023;428;5;15
36253626;8748554;36253626;15.08.2023;425;5;37
36278065;4968456;36278065;16.08.2023;188;6;31
36296863;9252917;36296863;17.08.2023;392;4;21
36303786;8808931;36303786;18.08.2023;284;3;41
36350823;8831618;36350823;19.08.2023;240;2;14
36422080;8232516;36422080;20.08.2023;235;1;10
36463785;4003151;36463785;21.08.2023;248;7;63
36464525;7764172;36464525;22.08.2023;500;2;28
36469302;2550120;36469302;23.08.2023;30;6;58
36494577;7131705;36494577;24.08.2023;134;8;38
36503455;4483211;36503455;25.08.2023;45;4;21
36519761;2896715;36519761;26.08.2023;99;6;37
36520988;8649741;36520988;27.08.2023;535;3;15
36554621;3853750;36554621;28.08.2023;492;5;19
36595448;6323179;36595448;29.08.2023;554;7;7
36612160;4028038;36612160;30.08.2023;359;5;23
36637087;5676565;36637087;31.08.2023;534;1;7
36660088;4365931;36660088;01.09.2023;379;8;35
36667763;7086131;36667763;02.09.2023;313;6;52
36671122;5729375;36671122;03.09.2023;260;4;13
36687566;6187073;36687566;04.09.2023;409;5;47
36784511;9005086;36784511;05.09.2023;493;8;41
36862676;5868956;36862676;06.09.2023;43;8;42
36870874;4808887;36870874;07.09.2023;373;4;41
36900123;5633564;36900123;08.09.2023;222;6;12
36904085;6509284;36904085;09.09.2023;252;1;39
36937227;5484089;36937227;10.09.2023;450;6;18
36953202;6932443;36953202;11.09.2023;280;8;34
36961012;8890724;36961012;12.09.2023;323;3;12
36963032;4280154;36963032;13.09.2023;533;5;16
108061;7072953;108061;14.09.2022;210;3;57
155305;9141833;155305;15.09.2022;56;8;15
156805;6006643;156805;16.09.2022;350;1;42
156926;7160586;156926;17.09.2022;438;4;47
197263;4287035;197263;18.09.2022;197;7;60
209068;2798417;209068;19.09.2022;47;3;60
246315;5624247;246315;20.09.2022;257;2;18
259576;6850612;259576;21.09.2022;509;3;8
304379;2794649;304379;22.09.2022;403;4;35
353092;7342149;353092;23.09.2022;329;3;34
427497;7219124;427497;24.09.2022;461;5;53
433646;2389632;433646;25.09.2022;426;8;9
436476;3408148;436476;26.09.2022;127;1;28
483384;8165194;483384;27.09.2022;465;7;28
498089;4553231;498089;28.09.2022;285;8;65
621243;4803383;621243;29.09.2022;267;7;30
660702;7294378;660702;30.09.2022;299;6;44
674894;8316737;674894;01.10.2022;242;5;57
695196;6384563;695196;02.10.2022;349;3;37
723349;9405423;723349;03.10.2022;380;5;64
751963;5251291;751963;04.10.2022;339;1;49
815068;4818491;815068;05.10.2022;320;8;60
840696;3862752;840696;06.10.2022;498;2;35
846221;6429512;846221;07.10.2022;92;6;14
875735;6495065;875735;08.10.2022;322;7;14
881707;8514814;881707;09.10.2022;99;5;49
910737;3611266;910737;10.10.2022;184;7;52
942934;8003342;942934;11.10.2022;27;2;48
943832;5631605;943832;12.10.2022;130;8;30
976034;9483861;976034;13.10.2022;60;8;10
977054;5755914;977054;14.10.2022;550;3;51
1039028;5769359;1039028;15.10.2022;391;5;16
1066156;4347750;1066156;16.10.2022;385;4;55
1127777;2657949;1127777;17.10.2022;234;3;51
1297717;4225352;1297717;18.10.2022;82;4;55
1312301;7804913;1312301;19.10.2022;29;3;64
1332684;8871059;1332684;20.10.2022;541;4;55
1392363;6198235;1392363;21.10.2022;182;6;12
1393012;4200842;1393012;22.10.2022;473;4;55
1421061;4608184;1421061;23.10.2022;369;7;34
1466495;9368122;1466495;24.10.2022;49;2;42
1475299;9186958;1475299;25.10.2022;50;5;21
1571095;6639029;1571095;26.10.2022;185;5;53
1574329;4665491;1574329;27.10.2022;456;4;35
1578831;5346439;1578831;28.10.2022;440;4;58
1586906;5220019;1586906;29.10.2022;39;4;44
1667214;9002966;1667214;30.10.2022;113;2;55
1684109;2848156;1684109;31.10.2022;454;4;62
1728187;4864836;1728187;01.11.2022;383;1;38
1768955;7190932;1768955;02.11.2022;513;7;46
1827412;7877793;1827412;03.11.2022;240;5;45
1843828;4285054;1843828;04.11.2022;501;2;31
1852818;5826301;1852818;05.11.2022;276;3;54
1879067;5396874;1879067;06.11.2022;503;7;34
2072026;6219088;2072026;07.11.2022;241;1;55
2108335;8534017;2108335;08.11.2022;308;4;48
2176375;9371214;2176375;09.11.2022;529;2;21
2209375;5414120;2209375;10.11.2022;382;4;27
2222067;9059182;2222067;11.11.2022;192;6;42
2254521;4267033;2254521;12.11.2022;346;6;61
2283071;8726410;2283071;13.11.2022;114;1;38
2296152;3760495;2296152;14.11.2022;65;2;24
2326086;3836637;2326086;15.11.2022;307;2;45
2411109;6416622;2411109;16.11.2022;249;7;33
2454666;4710755;2454666;17.11.2022;56;2;9
2477628;5878441;2477628;18.11.2022;245;7;19
2569529;3272976;2569529;19.11.2022;30;4;8
2605869;3452376;2605869;20.11.2022;508;6;38
2607570;6173240;2607570;21.11.2022;542;3;14
2925486;8834781;2925486;22.11.2022;92;4;45
3040444;6659646;3040444;23.11.2022;163;4;60
3066648;6174548;3066648;24.11.2022;395;7;53
3084395;5005673;3084395;25.11.2022;498;8;13
3095136;5671841;3095136;26.11.2022;455;4;48
3220474;4459681;3220474;27.11.2022;522;4;23
3225871;6227656;3225871;28.11.2022;560;5;51
3268055;6686926;3268055;29.11.2022;415;6;50
3268747;3636786;3268747;30.11.2022;275;3;46
3314819;7322853;3314819;01.12.2022;428;6;34
3369973;7352819;3369973;02.12.2022;469;8;22
3405282;6889604;3405282;03.12.2022;457;6;36
3445336;6722236;3445336;04.12.2022;190;5;14
3454237;6129460;3454237;05.12.2022;284;5;34
3522532;5770614;3522532;06.12.2022;267;2;27
3529241;4074917;3529241;07.12.2022;291;5;31
3563156;6133539;3563156;08.12.2022;152;1;15
3590634;4740879;3590634;09.12.2022;462;3;42
3649639;4648554;3649639;10.12.2022;423;4;35
3654375;7441966;3654375;11.12.2022;256;1;47
3741771;3450914;3741771;12.12.2022;187;4;39
3767793;4406151;3767793;13.12.2022;366;4;62
3821004;3371467;3821004;14.12.2022;342;3;16
3868452;4492027;3868452;15.12.2022;470;8;19
3868910;4500007;3868910;16.12.2022;428;4;47
3924937;4116327;3924937;17.12.2022;78;2;41
3945733;9304563;3945733;18.12.2022;156;1;27
3968877;7609960;3968877;19.12.2022;458;7;46
3976087;7148792;3976087;20.12.2022;146;4;21
3986614;5416454;3986614;21.12.2022;179;4;14
3990524;6797635;3990524;22.12.2022;411;8;53
4045013;7635702;4045013;23.12.2022;468;2;22
4108784;9321869;4108784;24.12.2022;309;4;47
4124504;4853922;4124504;25.12.2022;267;6;43
4129119;8998557;4129119;26.12.2022;386;7;63
4173713;3867196;4173713;27.12.2022;242;7;9
4241484;6624789;4241484;28.12.2022;528;2;21
4285157;8882891;4285157;29.12.2022;449;7;29
4304358;4064875;4304358;30.12.2022;157;1;26
4394670;5337621;4394670;31.12.2022;544;5;45
4394761;2991385;4394761;01.01.2023;544;6;20
4448604;8186202;4448604;02.01.2023;513;6;48
4515772;4494666;4515772;03.01.2023;427;4;12
4527048;7114240;4527048;04.01.2023;516;7;25
4587394;7691275;4587394;05.01.2023;255;1;52
4764715;9321355;4764715;06.01.2023;33;1;15
4846733;4426736;4846733;07.01.2023;160;4;46
4867991;8305209;4867991;08.01.2023;193;3;44
4875054;2473711;4875054;09.01.2023;390;6;36
4895765;8675652;4895765;10.01.2023;540;2;64
4931736;8744648;4931736;11.01.2023;116;3;9
4994407;8600647;4994407;12.01.2023;33;2;57
5114762;5836103;5114762;13.01.2023;128;2;64
5144212;7408661;5144212;14.01.2023;67;2;7
5151226;7831574;5151226;15.01.2023;277;1;41
5213038;5481730;5213038;16.01.2023;117;3;24
5261984;8722936;5261984;17.01.2023;139;1;38
5333015;5949347;5333015;18.01.2023;123;3;35
5336187;8911859;5336187;19.01.2023;561;1;26
5344892;2917274;5344892;20.01.2023;500;7;44
5464591;4965069;5464591;21.01.2023;204;5;46
5481195;5786859;5481195;22.01.2023;71;8;13
5696919;7914048;5696919;23.01.2023;144;4;12
5716399;2466218;5716399;24.01.2023;482;3;54
5850649;8303122;5850649;25.01.2023;142;7;57
5851392;4248842;5851392;26.01.2023;55;3;28
5868695;4851796;5868695;27.01.2023;41;7;21
5947797;6641510;5947797;28.01.2023;531;4;11
6005112;5981289;6005112;29.01.2023;503;1;8
6054250;8487873;6054250;30.01.2023;288;3;30
6056098;4563119;6056098;31.01.2023;360;3;19
6079982;3611384;6079982;01.02.2023;491;6;37
6145162;4860305;6145162;02.02.2023;442;3;27
6170347;5032197;6170347;03.02.2023;103;5;52
6180513;9291776;6180513;04.02.2023;243;8;57
6197585;3213076;6197585;05.02.2023;138;7;8
6227094;5268798;6227094;06.02.2023;360;2;58
6234618;9379360;6234618;07.02.2023;47;6;23
6290666;5980513;6290666;08.02.2023;225;6;34
6362850;3409676;6362850;09.02.2023;122;6;22
6363332;6675189;6363332;10.02.2023;46;1;61
6399802;2934023;6399802;11.02.2023;311;2;28
6452410;2477478;6452410;12.02.2023;182;1;27
6609327;7519260;6609327;13.02.2023;278;8;46
6698737;7010248;6698737;14.02.2023;234;3;14
6699384;7713183;6699384;15.02.2023;510;6;28
6711659;2473408;6711659;16.02.2023;355;4;20
6715120;3061992;6715120;17.02.2023;230;3;62
6724476;8938939;6724476;18.02.2023;234;7;8
6760016;3828707;6760016;19.02.2023;284;7;21
6765734;7601134;6765734;20.02.2023;350;5;48
6765832;6303729;6765832;21.02.2023;112;5;32
6775949;5276853;6775949;22.02.2023;264;7;14
6813265;3990669;6813265;23.02.2023;406;3;7
6818139;2417277;6818139;24.02.2023;170;8;57
6829875;7306490;6829875;25.02.2023;334;6;37
6913630;6757037;6913630;26.02.2023;68;3;7
6970329;8398624;6970329;27.02.2023;363;4;27
7001873;2571411;7001873;28.02.2023;366;5;57
7045303;7842441;7045303;01.03.2023;377;2;21
7063293;8949376;7063293;02.03.2023;375;5;21
7103096;6539874;7103096;03.03.2023;221;4;38
7340132;7763698;7340132;04.03.2023;161;4;57
7341057;3344502;7341057;05.03.2023;202;5;58
7418991;8818975;7418991;06.03.2023;536;3;32
7438838;6447670;7438838;07.03.2023;484;6;27
7543799;7130527;7543799;08.03.2023;202;6;28
7630648;6162737;7630648;09.03.2023;528;4;63
7665386;6925536;7665386;10.03.2023;436;7;22
7674957;9164435;7674957;11.03.2023;198;6;48
7693393;3834444;7693393;12.03.2023;430;4;12
7853605;8931934;7853605;13.03.2023;478;5;55
7859259;5226467;7859259;14.03.2023;502;7;64
7887572;6476434;7887572;15.03.2023;101;3;20
7920935;5399361;7920935;16.03.2023;106;6;43
7938930;8027233;7938930;17.03.2023;517;5;48
7940019;6324275;7940019;18.03.2023;90;3;19
7947839;2953827;7947839;19.03.2023;322;8;48
7967886;6046854;7967886;20.03.2023;136;8;34
7995120;6317961;7995120;21.03.2023;440;2;35
8070733;3444670;8070733;22.03.2023;306;3;17
8089299;6737948;8089299;23.03.2023;239;3;24
8173732;5007239;8173732;24.03.2023;356;4;56
8193368;8627833;8193368;25.03.2023;502;2;64
8211404;7868572;8211404;26.03.2023;307;2;19
8246075;7282087;8246075;27.03.2023;490;8;26
8265544;7805688;8265544;28.03.2023;27;3;13
8266788;6072341;8266788;29.03.2023;213;8;37
8304698;2976057;8304698;30.03.2023;75;2;65
8310318;8177252;8310318;31.03.2023;221;8;52
8362668;3639973;8362668;01.04.2023;494;5;12
8427121;7088405;8427121;02.04.2023;94;7;54
8443279;7770105;8443279;03.04.2023;427;4;23
8485214;4305918;8485214;04.04.2023;475;1;64
8513468;2965329;8513468;05.04.2023;488;1;64
8576671;3794963;8576671;06.04.2023;135;5;13
8593492;4440442;8593492;07.04.2023;437;7;38
8624659;2847992;8624659;08.04.2023;410;4;20
8634354;6366038;8634354;09.04.2023;462;3;20
8664712;6700140;8664712;10.04.2023;387;1;46
8672247;2766312;8672247;11.04.2023;363;6;56
8741844;4270016;8741844;12.04.2023;186;7;54
8782463;7899763;8782463;13.04.2023;457;4;28
8895397;7342564;8895397;14.04.2023;220;5;37
9022608;7886801;9022608;15.04.2023;426;7;16
9062255;4681226;9062255;16.04.2023;355;4;50
9243493;5784293;9243493;17.04.2023;93;2;47
9282426;6625303;9282426;18.04.2023;124;8;10
9562953;8865572;9562953;19.04.2023;119;4;50
9661460;8456663;9661460;20.04.2023;31;2;52
9794899;8591782;9794899;21.04.2023;429;6;24
9906491;6441210;9906491;22.04.2023;376;6;38
9944111;2805446;9944111;23.04.2023;165;2;33
10085566;3817191;10085566;24.04.2023;204;4;34
10089256;5630395;10089256;25.04.2023;558;5;23
10263107;5304920;10263107;26.04.2023;237;6;62
10289755;7057900;10289755;27.04.2023;468;4;30
10360188;2412254;10360188;28.04.2023;428;1;59
10524188;2389604;10524188;29.04.2023;314;1;41
10524253;4063686;10524253;30.04.2023;145;7;48
10632884;9179059;10632884;01.05.2023;517;5;30
10635789;3520760;10635789;02.05.2023;540;1;17
10674355;9181850;10674355;03.05.2023;35;8;19
10724022;8740856;10724022;04.05.2023;431;3;37
10785231;5134801;10785231;05.05.2023;250;2;9
10853381;3249748;10853381;06.05.2023;383;2;57
10909034;6755859;10909034;07.05.2023;496;2;25
11182596;7321915;11182596;08.05.2023;499;3;62
11242744;7142573;11242744;09.05.2023;455;4;65
11283225;5178131;11283225;10.05.2023;545;5;27
11291801;3010571;11291801;11.05.2023;457;5;56
11388248;9138658;11388248;12.05.2023;195;6;52
11421709;4945678;11421709;13.05.2023;325;8;49
11483381;3800193;11483381;14.05.2023;388;8;51
11489172;6652599;11489172;15.05.2023;481;5;61
11510567;9409625;11510567;16.05.2023;27;6;28
11553531;6966215;11553531;17.05.2023;426;2;48
11609580;7795900;11609580;18.05.2023;407;7;27
11618840;8043383;11618840;19.05.2023;191;2;42
11701027;3655491;11701027;20.05.2023;395;5;26
11811039;2812162;11811039;21.05.2023;169;4;29
11925721;2921964;11925721;22.05.2023;43;1;16
11938223;8201460;11938223;23.05.2023;58;6;33
11947108;5921439;11947108;24.05.2023;518;1;16
12107874;4935341;12107874;25.05.2023;429;5;40
12144656;8350383;12144656;26.05.2023;54;8;59
12182918;5143247;12182918;27.05.2023;194;8;49
12188215;8077681;12188215;28.05.2023;441;2;32
12189623;4227665;12189623;29.05.2023;137;2;33
12222050;6452414;12222050;30.05.2023;544;7;51
12250733;8605697;12250733;31.05.2023;289;7;29
12251952;6283078;12251952;01.06.2023;531;2;55
12266103;5512929;12266103;02.06.2023;502;3;10
12281167;2905138;12281167;03.06.2023;316;6;57
12286328;3174344;12286328;04.06.2023;256;2;10
12290379;9307471;12290379;05.06.2023;208;2;50
12310425;3589359;12310425;06.06.2023;360;6;24
12363894;6276135;12363894;07.06.2023;103;5;17
12377575;6468148;12377575;08.06.2023;452;4;17
12400514;8034222;12400514;09.06.2023;71;7;40
12470763;4789846;12470763;10.06.2023;278;2;46
12472966;4137256;12472966;11.06.2023;25;1;17
12543684;9082774;12543684;12.06.2023;288;3;46
12587092;8884365;12587092;13.06.2023;412;5;28
12761982;4570986;12761982;14.06.2023;230;2;24
12763722;5009323;12763722;15.06.2023;177;3;34
12802506;6226586;12802506;16.06.2023;433;3;56
12809255;7854172;12809255;17.06.2023;165;8;62
12810440;5179311;12810440;18.06.2023;121;8;45
12813635;8679184;12813635;19.06.2023;533;7;33
12834984;7323470;12834984;20.06.2023;424;2;7
12835184;8984841;12835184;21.06.2023;519;5;13
12848084;8785799;12848084;22.06.2023;352;6;30
12871394;3805159;12871394;23.06.2023;321;6;53
12918380;8932196;12918380;24.06.2023;82;2;51
12925044;7183220;12925044;25.06.2023;407;5;42
12944995;4144850;12944995;26.06.2023;87;3;51
12970301;3663671;12970301;27.06.2023;487;8;47
12989718;7435634;12989718;28.06.2023;261;2;61
13093505;3224283;13093505;29.06.2023;223;4;28
13112074;9174057;13112074;30.06.2023;431;2;64
13136198;3007814;13136198;01.07.2023;410;8;7
13186091;8259497;13186091;02.07.2023;395;2;55
13206560;4156419;13206560;03.07.2023;284;2;30
13224612;6305557;13224612;04.07.2023;429;7;54
13231021;7343637;13231021;05.07.2023;336;8;38
13234214;4689586;13234214;06.07.2023;226;5;16
13274313;9177608;13274313;07.07.2023;419;2;35
13279595;6638259;13279595;08.07.2023;241;6;30
13326253;3058109;13326253;09.07.2023;331;5;18
13333422;6779207;13333422;10.07.2023;459;1;15
13340576;5209676;13340576;11.07.2023;49;7;55
13346738;3036580;13346738;12.07.2023;157;6;9
13348419;7675079;13348419;13.07.2023;239;3;51
13355384;5237811;13355384;14.07.2023;32;6;52
13386987;5906315;13386987;15.07.2023;54;1;48
13388627;3396895;13388627;16.07.2023;491;1;28
13426466;3740206;13426466;17.07.2023;530;7;65
13429035;7190548;13429035;18.07.2023;470;6;54
13514183;3022690;13514183;19.07.2023;202;2;18
13524286;8089671;13524286;20.07.2023;464;5;58
13556933;6718053;13556933;21.07.2023;539;8;9
13582513;5784493;13582513;22.07.2023;38;7;47
13621363;6959527;13621363;23.07.2023;174;2;13
13674901;9477125;13674901;24.07.2023;405;4;29
13686565;3415014;13686565;25.07.2023;63;5;64
13700790;4012539;13700790;26.07.2023;217;3;8
13716891;7197759;13716891;27.07.2023;269;2;33
13744589;7475275;13744589;28.07.2023;253;1;60
13779774;6456590;13779774;29.07.2023;270;5;41
13819278;8437385;13819278;30.07.2023;351;3;38
13877850;7481592;13877850;31.07.2023;90;5;26
13901952;9119281;13901952;01.08.2023;216;8;34
13942925;4554039;13942925;02.08.2023;375;2;43
14044072;9243551;14044072;03.08.2023;29;2;45
14052114;2724802;14052114;04.08.2023;517;2;9
14076438;3255222;14076438;05.08.2023;55;8;47
14110641;2633575;14110641;06.08.2023;394;4;27
14122840;5210596;14122840;07.08.2023;374;5;47
14125023;5268648;14125023;08.08.2023;270;4;63
14167740;4244618;14167740;09.08.2023;431;6;18
14168464;7785212;14168464;10.08.2023;269;1;18
14184893;4508529;14184893;11.08.2023;293;1;10
14203513;7374052;14203513;12.08.2023;526;5;23
14236639;2525455;14236639;13.08.2023;29;1;38
14352724;4304980;14352724;14.08.2023;35;4;29
14357005;8497125;14357005;15.08.2023;109;4;64
14430828;4945106;14430828;16.08.2023;229;5;26
14442508;2559217;14442508;17.08.2023;560;5;27
14514191;8198570;14514191;18.08.2023;558;7;45
14522467;7386432;14522467;19.08.2023;282;3;49
14561813;3627525;14561813;20.08.2023;217;2;46
